Name|Text|Date|Email
Francesca Chambers|et nunc. Quisque ornare tortor at risus. Nunc ac sem|06/08/14|non@dolorFusce.com
Calvin Ferguson|iaculis enim, sit amet ornare lectus justo eu arcu. Morbi|06/05/15|ante.dictum@Donec.edu
Jin Church|non, lacinia at, iaculis quis, pede. Praesent eu dui. Cum sociis|12/11/13|dolor.sit@utaliquam.edu
Quentin Turner|sed tortor. Integer aliquam adipiscing lacus. Ut nec urna et arcu imperdiet ullamcorper.|11/12/13|ultrices@tortorIntegeraliquam.org
Cairo Rosario|sem magna nec quam. Curabitur vel lectus. Cum sociis natoque penatibus|11/06/15|augue@Duisgravida.co.uk
Leilani Logan|velit. Aliquam nisl. Nulla eu neque pellentesque massa lobortis ultrices. Vivamus rhoncus.|24/06/14|aliquet.metus@atauctor.org
Ethan Adams|parturient montes, nascetur ridiculus mus. Donec dignissim magna a tortor. Nunc commodo auctor|22/01/14|ut.molestie@Duis.com
Guy Schneider|a neque. Nullam ut nisi a odio semper cursus. Integer|30/01/14|amet.risus.Donec@rutrummagnaCras.edu
Arthur Hewitt|dui. Fusce aliquam, enim nec tempus scelerisque, lorem ipsum sodales purus, in molestie tortor nibh|29/03/15|egestas.a@eratvolutpat.ca
Nomlanga Garner|dictum ultricies ligula. Nullam enim. Sed nulla ante, iaculis nec, eleifend non, dapibus rutrum,|16/08/14|Donec.fringilla@Namac.ca
Yolanda Powell|sociis natoque penatibus et magnis dis parturient montes, nascetur ridiculus mus. Aenean eget|18/10/14|orci.luctus@Aliquamgravidamauris.org
Melodie Acevedo|vulputate, risus a ultricies adipiscing, enim mi tempor lorem, eget mollis lectus|26/08/15|aliquet@parturientmontesnascetur.co.uk
Preston Stuart|facilisis vitae, orci. Phasellus dapibus quam quis diam. Pellentesque habitant morbi tristique|26/10/15|tristique@nulla.net
Beverly Sutton|non enim. Mauris quis turpis vitae purus gravida sagittis. Duis gravida. Praesent eu nulla at|12/02/14|ipsum@semperauctorMauris.edu
Margaret Mcdaniel|faucibus. Morbi vehicula. Pellentesque tincidunt tempus risus. Donec egestas. Duis|30/07/15|diam.Pellentesque.habitant@egestas.ca
Jenette Emerson|eget ipsum. Suspendisse sagittis. Nullam vitae diam. Proin dolor. Nulla semper tellus|21/10/14|Cum.sociis.natoque@Loremipsum.co.uk
Dakota Harding|amet diam eu dolor egestas rhoncus. Proin nisl sem, consequat nec, mollis vitae, posuere|25/07/14|Aenean.eget@vel.edu
Jorden Allison|cursus vestibulum. Mauris magna. Duis dignissim tempor arcu. Vestibulum ut eros non enim|24/08/15|eget.venenatis.a@laciniaSed.co.uk
Hedwig Lynch|senectus et netus et malesuada fames ac turpis egestas. Fusce aliquet magna a neque. Nullam|11/04/14|molestie@mauriserateget.edu
Jana Cherry|malesuada malesuada. Integer id magna et ipsum cursus vestibulum. Mauris magna.|02/02/14|non.lacinia.at@Donectempor.net
Honorato Molina|nulla. In tincidunt congue turpis. In condimentum. Donec at arcu. Vestibulum ante ipsum primis in|07/02/14|Quisque.tincidunt.pede@dapibusgravidaAliquam.net
Kylie Dudley|Cras lorem lorem, luctus ut, pellentesque eget, dictum placerat, augue. Sed molestie.|02/04/14|Nunc.sed@sit.com
Arthur Brennan|Curabitur vel lectus. Cum sociis natoque penatibus et magnis dis|05/12/13|sociis.natoque@Nullatinciduntneque.com
Denton Nielsen|purus. Maecenas libero est, congue a, aliquet vel, vulputate eu, odio. Phasellus|19/04/15|velit.Cras@sit.co.uk
Maisie Buckner|risus, at fringilla purus mauris a nunc. In at pede. Cras|12/11/13|ligula.elit@diamdictum.com
Christen Romero|ac urna. Ut tincidunt vehicula risus. Nulla eget metus eu erat semper|09/01/14|facilisis@et.net
Camille Rice|ut ipsum ac mi eleifend egestas. Sed pharetra, felis eget varius|02/09/14|velit@tristiquepellentesquetellus.net
Dana Montgomery|non leo. Vivamus nibh dolor, nonummy ac, feugiat non, lobortis quis, pede. Suspendisse dui.|17/05/15|sagittis.lobortis.mauris@pharetraQuisqueac.org
Regan Willis|Sed nulla ante, iaculis nec, eleifend non, dapibus rutrum, justo.|02/05/14|sed.facilisis@magnisdisparturient.com
Venus Eaton|arcu. Sed et libero. Proin mi. Aliquam gravida mauris ut mi. Duis|17/04/14|Aliquam.rutrum.lorem@ligula.org
Rogan Flowers|neque. In ornare sagittis felis. Donec tempor, est ac mattis semper, dui lectus rutrum urna,|22/10/15|ante@semmollis.ca
Inez Barron|Proin non massa non ante bibendum ullamcorper. Duis cursus, diam at pretium aliquet,|04/10/14|amet@eterosProin.org
Ray Pratt|sem. Pellentesque ut ipsum ac mi eleifend egestas. Sed pharetra, felis eget varius ultrices,|28/02/14|pharetra@tellus.edu
Ora Carson|luctus ut, pellentesque eget, dictum placerat, augue. Sed molestie. Sed id risus quis|08/10/15|Pellentesque.habitant@infaucibus.co.uk
Uriel Rivers|id enim. Curabitur massa. Vestibulum accumsan neque et nunc. Quisque ornare tortor|13/04/14|iaculis.enim@laciniamattisInteger.edu
Quintessa Snow|eget, ipsum. Donec sollicitudin adipiscing ligula. Aenean gravida nunc sed pede. Cum sociis natoque|26/02/14|nunc@vel.net
Kirsten Buckley|ipsum leo elementum sem, vitae aliquam eros turpis non enim. Mauris|25/11/14|tristique@eratvitaerisus.com
Sloane Boyle|porttitor tellus non magna. Nam ligula elit, pretium et, rutrum non,|10/08/15|eu.ligula@rutrum.edu
Jamal Hensley|nibh sit amet orci. Ut sagittis lobortis mauris. Suspendisse aliquet molestie tellus. Aenean|12/12/14|orci.luctus@imperdietnecleo.edu
September Norman|habitant morbi tristique senectus et netus et malesuada fames ac|09/06/15|massa.Quisque.porttitor@id.ca
Daniel Duncan|lobortis ultrices. Vivamus rhoncus. Donec est. Nunc ullamcorper, velit in aliquet lobortis, nisi nibh|10/01/15|ligula@nisl.org
Lewis Morrow|lorem lorem, luctus ut, pellentesque eget, dictum placerat, augue. Sed molestie. Sed id risus|21/06/14|a.arcu.Sed@Nunc.co.uk
Castor Eaton|sit amet orci. Ut sagittis lobortis mauris. Suspendisse aliquet molestie|13/07/14|Lorem.ipsum.dolor@nuncullamcorper.ca
Tashya Boyle|Duis sit amet diam eu dolor egestas rhoncus. Proin nisl sem, consequat nec, mollis|10/01/14|libero.Donec.consectetuer@mattisvelit.net
Sheila Weaver|urna justo faucibus lectus, a sollicitudin orci sem eget massa. Suspendisse eleifend. Cras sed|04/11/14|Morbi@velitPellentesqueultricies.com
Stephen Greene|rutrum urna, nec luctus felis purus ac tellus. Suspendisse sed dolor. Fusce mi lorem, vehicula|05/01/14|aliquam@varius.co.uk
Haley Marsh|et ipsum cursus vestibulum. Mauris magna. Duis dignissim tempor arcu. Vestibulum ut eros|08/08/15|convallis@Duis.ca
Lee Stein|Suspendisse aliquet, sem ut cursus luctus, ipsum leo elementum sem,|27/05/14|diam.Pellentesque.habitant@elitfermentumrisus.com
Destiny Carey|fringilla, porttitor vulputate, posuere vulputate, lacus. Cras interdum. Nunc sollicitudin commodo ipsum. Suspendisse non leo.|07/10/15|Integer.eu.lacus@aliquet.ca
Mona Santos|Aenean eget metus. In nec orci. Donec nibh. Quisque nonummy ipsum|20/07/15|Donec.consectetuer@urna.co.uk
Jamal Ochoa|ipsum non arcu. Vivamus sit amet risus. Donec egestas. Aliquam nec enim. Nunc|02/09/15|est.Nunc@vitaediamProin.org
Madeline Dean|nulla. Cras eu tellus eu augue porttitor interdum. Sed auctor odio a|16/09/15|ipsum.nunc.id@senectuset.com
Dustin Matthews|arcu. Nunc mauris. Morbi non sapien molestie orci tincidunt adipiscing. Mauris molestie|06/05/15|libero@quis.co.uk
Breanna Copeland|tincidunt, neque vitae semper egestas, urna justo faucibus lectus, a sollicitudin orci|10/07/15|Lorem.ipsum@Suspendissealiquetmolestie.ca
Yoshi Chaney|parturient montes, nascetur ridiculus mus. Donec dignissim magna a tortor. Nunc commodo|15/01/15|gravida.mauris@nonvestibulum.org
Reed Bishop|Curabitur ut odio vel est tempor bibendum. Donec felis orci, adipiscing non, luctus sit|20/10/14|a.felis@necmollis.co.uk
Kato Cox|dignissim pharetra. Nam ac nulla. In tincidunt congue turpis. In|07/02/14|dui.Cras@ullamcorpermagna.com
Ruby Griffin|nisi. Cum sociis natoque penatibus et magnis dis parturient montes, nascetur|27/04/14|Nam@dolorvitaedolor.net
Stone Berger|dolor, tempus non, lacinia at, iaculis quis, pede. Praesent eu dui. Cum sociis natoque|01/03/15|ante.lectus@luctusetultrices.co.uk
Indira Robbins|enim nec tempus scelerisque, lorem ipsum sodales purus, in molestie|20/01/15|Morbi@amet.com
Emery Emerson|Donec porttitor tellus non magna. Nam ligula elit, pretium et, rutrum non, hendrerit id, ante.|03/07/14|sed.consequat@quis.edu
Yuli Dudley|nonummy ipsum non arcu. Vivamus sit amet risus. Donec egestas. Aliquam nec enim.|07/02/15|dolor.nonummy.ac@lobortisquispede.edu
Ila Osborn|dui. Suspendisse ac metus vitae velit egestas lacinia. Sed congue, elit sed consequat|06/08/15|eu.enim.Etiam@lorem.edu
William Phillips|eleifend non, dapibus rutrum, justo. Praesent luctus. Curabitur egestas nunc sed libero. Proin sed|18/01/14|metus.Vivamus.euismod@eu.org
Tallulah Terrell|nec orci. Donec nibh. Quisque nonummy ipsum non arcu. Vivamus sit amet risus. Donec|25/11/13|diam@vel.org
Griffith Blackburn|Integer eu lacus. Quisque imperdiet, erat nonummy ultricies ornare, elit|05/04/14|faucibus.ut.nulla@necenim.org
Freya Lindsay|nibh dolor, nonummy ac, feugiat non, lobortis quis, pede. Suspendisse dui. Fusce diam nunc,|09/03/15|Mauris.molestie@infaucibusorci.net
Teagan Shepard|Nunc ut erat. Sed nunc est, mollis non, cursus non, egestas a, dui. Cras|25/12/14|odio.sagittis@turpisAliquamadipiscing.edu
Piper Holden|dapibus quam quis diam. Pellentesque habitant morbi tristique senectus et netus et malesuada|25/08/14|et.netus@adipiscing.co.uk
Xavier Rios|Nullam velit dui, semper et, lacinia vitae, sodales at, velit. Pellentesque|22/01/14|pulvinar@nonluctus.com
Erasmus Byrd|magnis dis parturient montes, nascetur ridiculus mus. Proin vel arcu|20/12/14|Pellentesque.ut@Quisqueornaretortor.ca
Virginia Dixon|velit egestas lacinia. Sed congue, elit sed consequat auctor, nunc|12/07/15|ipsum@arcuvelquam.org
Maxwell Church|pede. Praesent eu dui. Cum sociis natoque penatibus et magnis dis parturient montes,|28/04/15|nec.tempus.mauris@cursusnonegestas.co.uk
Grant Cochran|ultricies ligula. Nullam enim. Sed nulla ante, iaculis nec, eleifend non,|20/02/14|a@nequetellus.net
Cruz Lopez|nibh. Aliquam ornare, libero at auctor ullamcorper, nisl arcu iaculis enim, sit amet ornare lectus|08/09/14|feugiat.placerat.velit@etpede.com
Aurora Maldonado|est, congue a, aliquet vel, vulputate eu, odio. Phasellus at augue id ante|10/07/15|turpis@uteratSed.com
Alvin Hodge|Maecenas iaculis aliquet diam. Sed diam lorem, auctor quis, tristique ac, eleifend vitae,|13/04/14|nunc@necorci.co.uk
Jana Burch|urna et arcu imperdiet ullamcorper. Duis at lacus. Quisque purus sapien, gravida non, sollicitudin a,|04/02/14|nec.cursus.a@sedturpis.net
Rhona Clarke|ante dictum mi, ac mattis velit justo nec ante. Maecenas mi felis, adipiscing fringilla, porttitor|23/04/15|Nullam.nisl@pellentesque.co.uk
Octavia Ramirez|fermentum risus, at fringilla purus mauris a nunc. In at pede. Cras|19/02/15|at.pede@id.co.uk
Desirae Dawson|lacus pede sagittis augue, eu tempor erat neque non quam. Pellentesque habitant morbi tristique senectus|21/05/15|eu.accumsan@massarutrum.edu
Orson Bond|iaculis, lacus pede sagittis augue, eu tempor erat neque non quam. Pellentesque habitant morbi|22/08/15|ac.turpis.egestas@vestibulumlorem.org
Casey Solomon|feugiat nec, diam. Duis mi enim, condimentum eget, volutpat ornare, facilisis eget, ipsum. Donec sollicitudin|04/04/15|mauris@gravidasagittis.org
Lee Hurst|sollicitudin commodo ipsum. Suspendisse non leo. Vivamus nibh dolor, nonummy ac, feugiat non,|20/04/14|Phasellus.libero.mauris@tellusPhaselluselit.org
Mechelle Briggs|Donec nibh enim, gravida sit amet, dapibus id, blandit at,|20/09/15|turpis@id.edu
Adena Munoz|dapibus rutrum, justo. Praesent luctus. Curabitur egestas nunc sed libero. Proin sed|23/02/14|consequat.enim.diam@orciluctus.org
Eden Peterson|condimentum. Donec at arcu. Vestibulum ante ipsum primis in faucibus orci|31/10/15|id@non.edu
Nichole Holt|scelerisque sed, sapien. Nunc pulvinar arcu et pede. Nunc sed orci lobortis augue scelerisque mollis.|17/12/14|porta@temporest.co.uk
Noelani Schultz|fringilla cursus purus. Nullam scelerisque neque sed sem egestas blandit. Nam nulla magna, malesuada vel,|24/12/13|sed@tempor.com
Ishmael Dennis|nibh sit amet orci. Ut sagittis lobortis mauris. Suspendisse aliquet molestie tellus. Aenean|20/01/14|quis@euodio.net
Buckminster Santana|adipiscing lobortis risus. In mi pede, nonummy ut, molestie in, tempus eu,|06/11/14|sit.amet@lacinia.co.uk
Beverly Bates|Nulla tempor augue ac ipsum. Phasellus vitae mauris sit amet lorem semper auctor.|25/03/15|Sed@nisiAenean.org
Victoria Singleton|a ultricies adipiscing, enim mi tempor lorem, eget mollis lectus pede|12/04/14|lacus.Etiam.bibendum@luctussitamet.co.uk
Mira Brown|Nullam velit dui, semper et, lacinia vitae, sodales at, velit. Pellentesque ultricies dignissim lacus. Aliquam|21/10/14|risus@Integeraliquamadipiscing.ca
Maggy Shaw|blandit mattis. Cras eget nisi dictum augue malesuada malesuada. Integer id magna et ipsum|18/12/14|arcu.Sed@Duis.org
Yuri Hooper|ac mattis semper, dui lectus rutrum urna, nec luctus felis|04/04/15|nunc.sed.libero@Vivamusnibh.edu
Belle Cole|nibh. Donec est mauris, rhoncus id, mollis nec, cursus a, enim. Suspendisse aliquet, sem|29/05/14|nonummy@egestas.co.uk
Joelle Jacobson|eu augue porttitor interdum. Sed auctor odio a purus. Duis elementum, dui quis accumsan convallis,|09/10/15|et.ultrices@odioapurus.edu
Brock Cummings|libero. Proin mi. Aliquam gravida mauris ut mi. Duis risus odio, auctor vitae, aliquet nec,|07/10/14|ac.turpis@Crassedleo.net
Ethan Gonzales|magna. Sed eu eros. Nam consequat dolor vitae dolor. Donec fringilla. Donec|25/02/14|commodo.hendrerit.Donec@PhasellusornareFusce.com
